<?xml version="1.0" encoding="UTF-8" standalone="yes"?>
<addon id="plugin.video.ehabtv" name="ehabtv" version="0.1.0" provider-name="Husham.com">
  <requires>
    <import addon="xbmc.python" version="2.1.0"/>
  </requires>
  <extension point="xbmc.python.pluginsource" library="default.py">
        <provides>video executable</provides>
  </extension>
  <extension point="xbmc.addon.metadata">
    <summary lang="en">ehabtv</summary>
    <description lang="en">Easy Install With KODI / XBMC Wizard / For Arabs</description>
    <platform>all</platform>
  </extension>
</addon>
