<?xml version="1.0" encoding="UTF-8" standalone="yes"?>
<addon id="plugin.video.newstube"
	name="News Tube"
	version="1.0.0"
	provider-name="Ehab Albizri">
  <requires>
    <import addon="xbmc.python" version="2.1.0"/>
    <import addon="script.module.addon.common" version="2.0.0"/>
    <import addon="plugin.video.youtube" version="5.0.0"/>
  </requires>
  <extension point="xbmc.python.pluginsource" library="default.py">
    <provides>video</provides>
  </extension>
  <extension point="xbmc.addon.metadata">
    <summary lang="en">Arabic News YouTube Channels</summary>
    <description lang="en">Watch great videos from famous News [COLOR red]YouTube[/COLOR] Channels in Arabic. For more info and more channels, follow me on [COLOR dodgerblue]Twitter[/COLOR] @EhabAlbizri</description>
    <platform>all</platform>
    <forum>n/a</forum>
    <website>n/a</website>
  </extension>
</addon>
